Id,English,Portuguese
1,the,o/a
2,be,ser/estar
3,to,para
4,of,de
5,and,e
6,a,um/uma
7,in,em
8,that,que
9,have,ter
10,I,eu
11,for,para
12,not,não
13,on,em/sobre
14,with,com
15,he,ele
16,as,como
17,you,você
18,do,fazer
19,at,em/no
20,this,este/esta
21,but,mas
22,his,seu/dele
23,by,por
24,from,de
25,they,eles/elas
26,we,nós
27,say,dizer
28,her,seu/dela
29,she,ela
30,or,ou
31,an,um/uma (antes de vogal)
32,will,ir (futuro auxiliar)
33,my,meu/minha
34,one,um/uma
35,all,todo/todos
36,would,gostaria/iria
37,there,lá
38,their,seu/deles
39,what,o que
40,so,então
41,up,acima
42,out,fora
43,if,se
44,about,sobre
45,who,quem
46,get,obter/pegar
47,which,qual/que
48,go,ir
49,me,me/mim
50,when,quando
51,make,fazer/criar
52,can,poder
53,like,gostar
54,time,tempo
55,no,não/nenhum
56,just,apenas
57,him,ele (objeto)
58,know,saber/conhecer
59,take,tomar/levar
60,person,pessoa
61,into,dentro de
62,year,ano
63,your,seu
64,good,bom
65,some,algum/alguns
66,could,poderia
67,them,eles/elas (objeto)
68,see,ver
69,other,outro
70,than,do que
71,then,então
72,now,agora
73,look,olhar
74,only,apenas/somente
75,come,vir
76,its,seu/dela (neutro)
77,over,sobre/acima
78,think,pensar
79,also,também
80,back,de volta
81,after,depois
82,use,usar
83,two,dois/duas
84,how,como
85,our,nosso/nossa
86,work,trabalhar
87,first,primeiro
88,well,bem
89,way,caminho/forma
90,even,até mesmo
91,new,novo
92,want,querer
93,because,porque (resposta)
94,any,qualquer
95,these,estes/estas
96,give,dar
97,day,dia
98,most,maioria
99,us,nós (objeto)
100,name,nome
101,very,muito
102,through,através
103,backward,para trás
104,still,ainda
105,man,homem
106,thing,coisa
107,should,deveria
108,child,criança
109,find,encontrar
110,here,aqui
111,over,sobre/terminado
112,down,para baixo
113,may,pode (possibilidade)
114,student,estudante
115,call,chamar/ligar
116,feel,sentir
117,leave,deixar/sair
118,put,colocar
119,old,velho
120,while,enquanto
121,mean,significar
122,keep,manter
123,let,deixar
124,every,cada/todo
125,great,ótimo/excelente
126,big,grande
127,group,grupo
128,begin,começar
129,seem,parecer
130,help,ajudar
131,talk,falar
132,where,onde
133,turn,virar
134,problem,problema
135,start,começar
136,hand,mão
137,might,poderia/talvez
138,show,mostrar
139,part,parte
140,place,lugar
141,live,viver/morar
142,case,caso
143,week,semana
144,company,empresa
145,system,sistema
146,each,cada
147,right,certo/direito
148,program,programa
149,hear,ouvir
150,question,pergunta
151,during,durante
152,play,jogar/tocar
153,government,governo
154,run,correr
155,small,pequeno
156,number,número
157,off,desligado/fora
158,always,sempre
159,move,mover
160,night,noite
161,live(ação),ao vivo
162,believe,acreditar
163,hold,segurar
164,bring,trazer
165,happen,acontecer
166,next,próximo
167,without,sem
168,before,antes
169,large,grande/amplo
170,all,todos/tudo
171,million,milhão
172,under,abaixo
173,write,escrever
174,money,dinheiro
175,story,história
176,today,hoje
177,fact,fato
178,morning,manhã
179,lots,muitos
180,around,ao redor
181,book,livro
182,eye,olho
183,job,emprego
184,word,palavra
185,business,negócio
186,issue,questão/problema
187,side,lado
188,kind,tipo/gentil
189,four,quatro
190,head,cabeça
191,far,longe
192,black,preto
193,long,longo
194,both,ambos
195,little,pequeno/pouco
196,housing,hospedagem/moradia
197,home,lar
198,room,quarto/sala
199,water,água
200,write,escrever
201,mother,mãe
202,area,área
203,national,nacional
204,car,carro
205,understand,entender
206,open,abrir/aberto
207,service,serviço
208,market,mercado
209,offer,oferecer
210,remember,lembrar
211,death,morte
212,course,curso
213,company,empresa
214,stand,ficar de pé
215,bring,trazer
216,voice,voz
217,team,time/equipe
218,love,amor/amar
219,cause,causa
220,grow,crescer
221,strong,forte
222,free,livre/grátis
223,accept,aceitar
224,both,ambos
225,probably,provavelmente
226,cold,frio
227,figure,figura/número
228,plan,plano
229,product,produto
230,second,segundo
231,under,baixo/debaixo
232,thank,agradecer
233,able,capaz
234,boy,menino
235,game,jogo
236,food,comida
237,buy,comprar
238,process,processo
239,close,fechar/perto
240,song,música
241,color,cor
242,stop,parar
243,read,ler
244,allow,permitir
245,add,adicionar
246,office,escritório
247,face,rosto
248,rather,em vez/disso
249,yet,ainda
250,level,nível
251,sit,sentar
252,door,porta
253,health,saúde
254,person,pessoa
255,art,arte
256,war,guerra
257,history,história
258,party,festa/partido
259,result,resultado
260,change,mudar/mudança
261,reason,razão/motivo
262,research,pesquisa
263,girl,menina
264,guy,rapaz
265,moment,momento
266,air,ar
267,teacher,professor(a)
268,force,força
269,education,educação
270,foot,pé
271,though,embora
272,policy,política (diretriz)
273,age,idade
274,upon,sobre/em cima de
275,evidence,evidência
276,summer,verão
277,fall,cair/outono
278,relationship,relacionamento
279,travel,viajar
280,create,criar
281,perhaps,talvez
282,certain,certo/determinado
283,industry,indústria
284,sure,certo/seguro
285,death,morte
286,public,público
287,involve,envolver
288,stay,ficar
289,full,cheio
290,model,modelo
291,join,juntar-se
292,season,estação/temporada
293,society,sociedade
294,tax,imposto
295,direct,direto
296,heart,coração
297,impact,impacto
298,measure,medir/medida
299,happy,feliz
300,enough,suficiente
301,little,pouco/pequeno
302,eat,comer
303,perform,executar/atuar
304,building,prédio
305,stay,fique
306,meeting,reunião
307,win,ganhar
308,lose,perder
309,pay,pagar
310,law,lei
311,office,escritório
312,die,morrer
313,send,enviar
314,expect,esperar (expectativa)
315,sense,sentido
316,community,comunidade
317,month,mês
318,record,gravar/registro
319,art,arte
320,end,fim
321,visit,visitar
322,watch,assistir/relógio
323,hope,esperar/ter esperança
324,base,basear/base
325,form,formar/formulário
326,report,relatório/reportar
327,action,ação
328,sit,sentar
329,care,cuidar/cuidado
330,couple,casal/par
331,little,pequeno/pouco
332,late,tarde (tempo)
333,hard,difícil/duro
334,field,campo
335,else,mais/outro
336,pass,passar
337,former,antigo/anterior
338,sell,vender
339,major,principal/maior
340,role,papel (função)
341,join,unir-se
342,sometimes,às vezes
343,require,requerer
344,along,ao longo
345,development,desenvolvimento
346,yourself,você mesmo
347,paper,papel
348,answer,resposta
349,grow,crescer
350,line,linha
351,energy,energia
352,bad,mau/ruim
353,happy,feliz
354,present,apresentar/presente
355,white,branco
356,soon,em breve
357,change,mudar
358,team,equipe
359,minute,minuto
360,meeting,reunião
361,bed,cama
362,practice,praticar/prática
363,report,relatar/relatório
364,die,morrer
365,term,termo/período
366,short,curto
367,wall,parede
368,hear,ouvir
369,catch,pegar
370,face,encarar/rosto
371,clear,claro/limpar
372,ready,pronto
373,behind,atrás
374,example,exemplo
375,desk,escrivaninha
376,front,frente
377,common,comum
378,drive,dirigir
379,reduce,diminuir
380,site,local/sítio
381,detail,detalhe
382,type,tipo/digitar
383,lie,mentir/deitar
384,modern,moderno
385,dark,escuro
386,cup,xícara
387,disease,doença
388,pull,puxar
389,close,fechar
390,effort,esforço
391,decide,decidir
392,listen,ouvir
393,cross,cruzar
394,focus,focar
395,simple,simples
396,skin,pele
397,wire,fio
398,wonder,perguntar-se
399,image,imagem
400,stuff,coisas
401,arrive,chegar
402,cover,cobrir/capa
403,apply,aplicar
404,shake,agitar
405,contain,conter
406,major,principal
407,occur,ocorrer
408,coach,técnico/treinador
409,eight,oito
410,born,nascido
411,blood,sangue
412,rich,rico
413,support,apoiar/suporte
414,boss,chefe
415,future,futuro
416,treat,tratar
417,approach,abordagem/abordar
418,fill,preencher
419,shoot,atirar/filmar
420,east,leste
421,save,salvar
422,protect,proteger
423,dream,sonho/sonhar
424,garden,jardim
425,shell,concha
426,river,rio
427,brain,cérebro
428,green,verde
429,match,partida/combine
430,box,caixa
431,huge,enorme
432,send,enviar
433,marry,casar
434,note,nota/anotar
435,wrong,errado
436,drive,dirigir
437,local,local
438,wish,desejar
439,post,publicar/correio
440,reality,realidade
441,safe,seguro
442,bread,pão
443,employ,empregar
444,hot,quente
445,basic,básico
446,message,mensagem
447,bottle,garrafa
448,flower,flor
449,knife,faca
450,sharp,afiado
451,silver,prata
452,agent,agente
453,afraid,com medo
454,wrong,errado
455,various,vários
456,piece,pedaço
457,degree,grau
458,hang,pendurar
459,husband,marido
460,perform,executar
461,gold,ouro
462,credit,crédito
463,context,contexto
464,stair,escada(degrau)
465,iron,ferro
466,chain,corrente
467,library,biblioteca
468,frame,moldura
469,neighbor,vizinho
470,leaf,folha
471,bird,pássaro
472,collect,coletar
473,bite,morder/mordida
474,health,saúde
475,interview,entrevista
476,movement,movimento
477,paint,pintar/tinta
478,climb,escalar
479,join,entrar/juntar-se
480,narrow,estreito
481,broad,amplo
482,tool,ferramenta
483,wood,madeira
484,plastic,plástico
485,element,elemento
486,scale,escala
487,smoke,fumaça/fumar
488,soft,macio
489,pure,puro
490,string,corda
491,track,trilha/rastrear
492,view,visão/ver
493,wheel,roda
494,wind,vento
495,worth,valer a pena
496,childhood,infância
497,data,dados
498,error,erro
499,metal,metal
500,gate,portão
501,plane,avião
502,ship,navio
503,shop,loja
504,worry,preocupar-se
505,attend,comparecer
506,cost,custo
507,design,desenhar/design
508,equal,igual
509,fence,cerca
510,frame,quadro/moldura
511,guarantee,garantir
512,hide,esconder
513,island,ilha
514,label,rótulo
515,length,comprimento
516,mix,misturar
517,power,poder/força
518,release,liberar/lançamento
519,respond,responder
520,root,raiz
521,rope,corda
522,search,procurar/pesquisa
523,secret,segredo
524,seed,semente
525,select,selecionar
526,shock,choque
527,smile,sorriso/sorrir
528,social,social
529,speech,discurso
530,spend,gastar
531,spread,espalhar
532,staff,equipe/funcionários
533,steel,aço
534,steep,íngreme
535,store,loja/armazenar
536,suffer,sofrer
537,suit,terno/servir
538,threat,ameaça
539,title,título
540,tough,difícil/duro
541,tower,torre
542,trade,comércio
543,train,treinar/trem
544,trash,lixo
545,trust,confiar/confiança
546,truth,verdade
547,wave,onda/acenar
548,weak,fraco
549,width,largura
550,wild,selvagem
551,wooden,de madeira
552,youth,juventude
553,neighbor,vizinho
554,divide,dividir
555,adapt,adaptar
556,admit,admitir
557,affect,afetar
558,afford,arcar/poder pagar
559,alert,alerta
560,alien,alienígena/estrangeiro
561,aloud,em voz alta
562,amaze,maravilhar
563,amount,quantidade
564,annoy,irritar
565,annual,anual
566,answer,responder/resposta
567,appeal,apelo/atrair
568,approve,aprovar
569,argue,argumentar
570,arise,surgir
571,arrange,arranjar/organizar
572,arrest,prender
573,arrive,chegar
574,ascend,subir
575,ask,perguntar
576,assemble,montar
577,assume,assumir
578,attach,anexar
579,attempt,tentar/tentativa
580,attitude,atitude
581,audience,audiência
582,author,autor
583,average,médio/média
584,avoid,evitar
585,await,aguardar
586,balance,equilíbrio
587,bar,barra/bar
588,base,basear/base
589,battle,batalha
590,bean,feijão
591,bear,urso/suportar
592,beat,bater/derrotar
593,beg,pedir implorando
594,beggar,mendigo
595,behave,comportar-se
596,behind,atrás
597,belong,pertencer
598,bend,curvar
599,benefit,benefício
600,beware,cuidado/ter cautela
601,beyond,além
602,bill,conta
603,bind,amarrar
604,blade,lâmina
605,blame,culpar
606,bless,abençoar
607,blind,cego
608,bloom,florescer
609,blow,soprar/golpe
610,blur,embaçar
611,boil,ferver
612,bolt,parafuso/trancar
613,bounce,quicar
614,breathe,respirar
615,brief,breve
616,broad,amplo
617,browse,navegar/folhear
618,brush,escova/escovar
619,bubble,bolha
620,budget,orçamento
621,buffalo,búfalo
622,build,construir
623,bump,esbarrar
624,bunch,monte/cacho
625,burn,queimar
626,bury,enterrar
627,bush,arbusto
628,business,negócio
629,busy,ocupado
630,butter,manteiga
631,cable,cabo
632,cage,gaiola
633,cake,bolo
634,calculate,calcular
635,calm,calmo/acalmar
636,can,poder/lata
637,cancel,cancelar
638,candle,vela
639,candy,doce/bala
640,canvas,lona/tela
641,capacity,capacidade
642,capital,capital
643,capture,capturar
644,carbon,carbono
645,card,cartão
646,cargo,carga
647,carpet,carpete/tapete
648,carve,esculpir
649,case,caso/estojo
650,casino,casino
651,casual,casual
652,catch,pegar
653,cause,causa
654,cave,caverna
655,cease,cessar/parar
656,ceiling,teto
657,celebrate,celebrar
658,cell,célula/cela
659,center,centro
660,cereal,cereal
661,certain,certo
662,chain,corrente
663,chair,cadeira
664,chamber,câmara
665,chance,chance/oportunidade
666,change,mudar
667,channel,canais
668,chapter,capítulo
669,charge,carregar/cobrar
670,charm,charme
671,chase,perseguir
672,chat,conversar/bate-papo
673,cheap,barato
674,check,verificar/cheque
675,cheer,torcer/aplaudir
676,cheese,queijo
677,chef,chefe de cozinha
678,chest,peito/baú
679,chew,mastigar
680,chicken,frango
681,chief,chefe/principal
682,child,criança
683,chill,relaxar/esfriar
684,chip,lasca/microchip
685,chocolate,chocolate
686,choice,escolha
687,choose,escolher
688,chop,picar
689,church,igreja
690,cinema,cinema
691,circle,círculo
692,circuit,circuito
693,cite,citar
694,citizen,cidadão
695,city,cidade
696,claim,afirmar/reivindicar
697,clap,bater palmas
698,class,classe/aula
699,classic,clássico
700,classify,classificar
701,clay,argila
702,clean,limpo/limpar
703,clear,claro/limpar
704,clerk,funcionário/atendente
705,click,clique/clicar
706,client,cliente
707,cliff,penhasco
708,climate,clima
709,climb,escalar
710,clinic,clínica
711,clip,clipe/presilha
712,clock,relógio
713,close,fechar/perto
714,cloth,tecido
715,cloud,nuvem
716,club,clube
717,clue,pista(dica)
718,cluster,aglomerado
719,coach,técnico/treinador
720,coal,carvão
721,coast,costa/litoral
722,coat,casaco
723,coconut,coco
724,code,código
725,coffee,café
726,coin,moeda
727,cold,frio
728,collapse,desabar
729,color,cor
730,column,coluna
731,combine,combinar
732,come,vir
733,comfort,conforto
734,command,comando
735,comment,comentar/comentário
736,commit,comprometer-se
737,common,comum
738,communicate,comunicar
739,community,comunidade
740,company,empresa
741,compare,comparar
742,compete,competir
743,complete,completo/completar
744,complex,complexo
745,component,componente
746,compose,compor
747,computer,computador
748,concentrate,concentrar
749,concept,conceito
750,concern,preocupação
751,concert,concerto
752,conclude,concluir
753,concrete,concreto
754,condition,condição
755,conduct,conduzir
756,conference,conferência
757,confess,confessar
758,confirm,confirmar
759,conflict,conflito
760,confuse,confundir
761,connect,conectar
762,conscious,consciente
763,consider,considerar
764,consist,consistir
765,console,console/consolar
766,construct,construir
767,consult,consultar
768,consume,consumir
769,contact,contato
770,contain,conter
771,content,conteúdo/satisfeito
772,contest,competição
773,context,contexto
774,continue,continuar
775,contract,contrato
776,contrast,contraste
777,contribute,contribuir
778,control,controlar/controle
779,convert,converter
780,convey,transmitir
781,convince,convencer
782,cool,frio/legal
783,cooperate,cooperar
784,cope,lidar
785,copy,copiar
786,cord,corda/fio
787,core,cerne/núcleo
788,corner,canto/esquina
789,correct,correto/corrigir
790,correlate,correlacionar
791,cost,custo
792,cotton,algodão
793,couch,sofá
794,could,poderia
795,count,contar
796,couple,casal/par
797,courage,coragem
798,course,curso
799,cousin,primo/prima
800,cover,cobrir
801,cow,vaca
802,crack,rachadura/rachar
803,craft,artesanato
804,crash,acidente/travar
805,crate,caixote
806,crawl,rastejar
807,crazy,maluco
808,cream,creme
809,create,criar
810,credit,crédito
811,creep,rastejar/arrepiar
812,crew,equipe/tripulação
813,cricket,grilo/críquete
814,crime,crime
815,crisis,crise
816,criteria,critérios
817,critic,crítico
818,critical,crítico
819,criticize,criticar
820,crop,colheita/cultivo
821,cross,cruzar/cruz
822,crow,corvo
823,crowd,multidão
824,cruise,cruzeiro
825,crumble,esmigalhar
826,crush,esmagar
827,cry,chorar
828,crystal,cristal
829,cube,cubo
830,culture,cultura
831,cup,xícara
832,cupboard,armário
833,curious,curioso
834,curl,encaracolar
835,current,atual/corrente
836,curtain,cortina
837,curve,curva
838,custom,costume
839,customer,cliente
840,cut,cortar
841,cycle,ciclo
842,cyclic,cíclico
843,dad,pai (informal)
844,damage,danificar/dano
845,damp,úmido
846,dance,dançar/dança
847,data,dados
848,date,data/namoro
849,daughter,filha
850,deal,acordo/lidar
851,debug,depurar
852,deploy,implantar (tecnologia)
853,download,baixar
854,upload,carregar (para a internet)
855,server,servidor
856,client,cliente (em tecnologia)
857,cloud,nuvem (tecnologia)
858,backup,backup/cópia de segurança
859,firewall,firewall
860,router,roteador
861,ethernet,ethernet
862,wifi,wi-fi
863,bluetooth,bluetooth
864,keyboard,teclado
865,mouse,mouse
866,monitor,monitor
867,printer,impressora
868,scanner,scanner
869,folder,pasta
870,file,arquivo
871,format,formatar/formato
872,login,login
873,logout,logout/sair
874,update,atualizar
875,upgrade,atualizar/melhorar
876,install,instalar
877,uninstall,desinstalar
878,configure,configurar
879,setting,configuração
880,password,senha
881,username,nome de usuário
882,encrypt,criptografar
883,decrypt,descriptografar
884,share,compartilhar
885,link,link/conexão
886,domain,domínio
887,host,hospedar
888,virtual,virtual
889,hardware,hardware
890,software,software
891,application,aplicativo
892,program,programa
893,coding,codificação
894,compile,compilar
895,execute,executar
896,run,rodar/executar
897,algorithm,algoritmo
898,debug,depurar
899,error,erro
900,patch,correção/patch
901,version,versão
902,command,comando
903,shell,shell (linha de comando)
904,script,script
905,syntax,sintaxe
906,variable,variável
907,function,função
908,parameter,parâmetro
909,argument,argumento
910,library,biblioteca
911,framework,framework
912,interface,interface
913,instance,instância
914,object,objeto
915,class,classe
916,method,método
917,module,módulo
918,package,pacote
919,protocol,protocolo
920,bandwidth,largura de banda
921,cache,cache
922,cookie,cookie
923,encrypt,criptografar
924,proxy,proxy
925,query,consulta
926,remote,remoto
927,session,sessão
928,stack,pilha
929,queue,fila
930,thread,thread (fio de execução)
931,process,processo
932,background,fundo (processo em segundo plano)
933,foreground,primeiro plano
934,render,renderizar
935,refresh,atualizar/atualizar página
936,reboot,reiniciar
937,recover,recuperar
938,restore,restaurar
939,rollback,restaurar estado anterior
940,commit,commit (confirmação de alteração)
941,branch,ramo/branch (versão paralela)
942,merge,mesclar
943,push,enviar
944,pull,puxar
945,fork,dividir/ramificar
946,clone,clonar
947,repository,repositório
948,control,controle
949,test,teste/testar
950,deploy,implantar
951,virtual machine,máquina virtual
952,cloud computing,computação em nuvem
953,orchard,pomar
954,costume,fantasia/roupa típica
955,shelf,prateleira
956,fountain,fonte
957,meadow,prado/campo
958,wheat,trigo
959,barley,cevada
960,oat,aveia
961,rye,centeio
962,harvest,colheita
963,shovel,pá
964,rake,ancinho
965,plow,arado
966,barn,celeiro
967,stable,estábulo
968,donkey,burro
969,mule,mula
970,shepherd,pastor (de ovelhas)
971,goat,cabra
972,sheep,ovelha
973,lamb,cordeiro
974,pig,porco
975,hog,porco (adulto)/suíno
976,sow,porca (fêmea do porco)
977,boar,javali
978,deer,cervo
979,elk,alce
980,moose,alce americano
981,reindeer,rena
982,fox,raposa
983,wolf,lobo
984,cougar,puma
985,jaguar,jaguar/onça
986,leopard,leopardo
987,lion,leão
988,tiger,tigre
989,panther,pantera
990,cheetah,guepardo
991,rhinoceros,rinoceronte
992,hippopotamus,hipopótamo
993,giraffe,girafa
994,zebra,zebra
995,whale,baleia
996,dolphin,golfinho
997,shark,tubarão
998,squid,lula
999,octopus,polvo
1000,crab,caranguejo
1001,lobster,lagosta
1002,shrimp,camarão
1003,oyster,ostra
1004,clam,amêijoa/marisco
1005,mussel,mexilhão
1006,scallop,vieira
1007,seal,foca
1008,walrus,morsa
1009,penguin,pinguim
1010,polar bear,urso polar
1011,koala,coala
1012,kangaroo,canguru
1013,camel,camelo
1014,llama,lhama
1015,alpaca,alpaca
1016,bison,bisão
1017,yak,iaque
1018,ant,formiga
1019,bee,abelha
1020,wasp,vespa
1021,hornet,vespa grande/zangão
1022,beetle,besouro
1023,ladybug,joaninha
1024,butterfly,borboleta
1025,moth,mariposa
1026,caterpillar,lagarta
1027,grasshopper,gafanhoto
1028,dragonfly,libélula
1029,damselfly,donzelinha
1030,spider,aranha
1031,tarantula,tarântula
1032,scorpion,escorpião
1033,snail,caracol
1034,slug,lesma
1035,worm,minhoca/verme
1036,centipede,centopeia
1037,millipede,milípede
1038,termite,cupim
1039,cockroach,barata
1040,fly,mosca/voar
1041,mosquito,mosquito
1042,flea,pulga
1043,tick,carrapato
1044,louse,piolho
1045,mite,ácaro
1046,aphid,pulgão
1047,cicada,cigarra
1048,mantis,louva-a-deus
1049,earwig,tesourinha
1050,leafhopper,cigarrinha
1051,woodlouse,bicho-de-conta
1052,silverfish,traça prateada
1053,firefly,vaga-lume
1054,glowworm,vagalume (larva)
1055,antlion,formiga-leão
1056,lacewing,crisopa
1057,bee eater,papa-abelhas
1058,hummingbird,beija-flor
1059,eagle,águia
1060,hawk,falcão/gavião
1061,falcon,falcão
1062,vulture,abutre
1063,raven,corvo grande
1064,magpie,pega (ave)
1065,jay,gaio
1066,cardinal,cardeal
1067,robin,tordo
1068,swallow,andorinha
1069,swift,andorinhão
1070,nightingale,rouxinol
1071,canary,canário
1072,sparrow,pardal
1073,finch,tentilhão
1074,pigeon,pombo
1075,dove,pomba
1076,ostrich,avestruz
1077,emu,ema
1078,cassowary,casuar
1079,peacock,pavão
1080,turkey,peru
1081,goose,ganso
1082,duck,pato
1083,swan,cisne
1084,woodpecker,pica-pau
1085,crane,grou/guindaste
1086,heron,garça
1087,stork,cegonha
1088,pelican,pelicano
1089,flamingo,flamingo
1090,seagull,gaivota
1091,albatross,albatroz
1092,puffin,papagaio-do-mar
1093,cormorant,corvo-marinho
1094,osprey,gavião-pescador
1095,jellyfish,água-viva
1096,coral,coral
1097, sponge,esponja
1098,starfish,estrela-do-mar
1099,sea urchin,ouriço-do-mar
1100,sea cucumber,pepino-do-mar
1101,seahorse,cavalo-marinho
1102,manatee,peixe-boi
1103,dugong,dugongo
1104,narwhal,narval
1105,beluga,beluga
1106,orca,orca
1107,swordfish,peixe-espada
1108,marlin,marlim
1109,tuna,atum
1110,salmon,salmão
1111,trout,truta
1112,cod,bacalhau
1113,herring,arenque
1114,sardine,sardinha
1115,anchovy,anchova
1116,mackerel,cavala
1117,pike,lúcio
1118,catfish,bagre
1119,carp,carpa
1120,eel,enguia
1121,electric eel,enguia elétrica
1122,frog,rã/sapo
1123,toad,sapo
1124,newt,tritão
1125,salamander,salamandra
1126,turtle,tartaruga
1127,tortoise,jabuti
1128,terrapin,cágado
1129,crocodile,crocodilo
1130,alligator,jacaré
1131,caiman,caimão
1132,gharial,gavial
1133,snake,cobra/serpente
1134,python,píton
1135,boa,jiboia
1136,viper,víbora
1137,cobra,cobra
1138,mamba,mamba
1139,anaconda,anaconda
1140,rattlesnake,cascavel
1141,lizard,lagarto
1142,gecko,lagartixa
1143,iguana,iguana
1144,chameleon,camaleão
1145,monitor lizard,lagarto monitor
1146,komodo dragon,dragão-de-komodo
1147,basilisk,basilisco
1148,dragon (mythical),dragão
1149,dinosaur,dinossauro
1150,fossil,fóssil
1151,galaxy,galáxia
1152,universe,universo
1153,star,estrela
1154,planet,planeta
1155,asteroid,asteróide
1156,comet,cometa
1157,meteor,meteoro
1158,meteorite,meteorito
1159,nebula,nebulosa
1160,black hole,buraco negro
1161,white dwarf,anã branca
1162,red giant,gigante vermelha
1163,supernova,supernova
1164,quasar,quasar
1165,pulsar,pulsar
1166,constellation,constelação
1167,cosmos,cosmo
1168,orbit,órbita/orbitar
1169,telescope,telescópio
1170,satellite,satélite
1171,rocket,foguete
1172,spaceship,nave espacial
1173,astronaut,astronauta
1174,cosmonaut,cosmonauta
1175,launch,lançamento/lançar
1176,land (v),pousar/terra
1177,moon,lua
1178,sun,sol
1179,solar system,sistema solar
1180,Milky Way,Via Láctea
1181,Andromeda,Andrômeda
1182,light-year,ano-luz
1183,gravity,gravidade
1184,atmosphere,atmosfera
1185,oxygen,oxigênio
1186,hydrogen,hidrogênio
1187,helium,hélio
1188,radiation,radiação
1189,cosmic,cósmico
1190,infinite,infinito
1191,dimension,dimensão
1192,parallel universe,universo paralelo
1193,wormhole,buraco de minhoca
1194,spacetime,espaço-tempo
1195,relativity,relatividade
1196,quantum,quântico
1197,particle,partícula
1198,proton,próton
1199,neutron,nêutron
1200,electron,elétron
1201,nucleus,núcleo
1202,atom,átomo
1203,molecule,molécula
1204,compound,composto
1205,chemical,químico
1206,reaction,reação
1207,solution,solução
1208,mixture,mistura
1209,isotope,isótopo
1210,ion,íon
1211,acid,ácido
1212,base (chemistry),base (química)
1213,alkali,álcali
1214,salt,sal
1215,sugar,açúcar
1216,starch,amido
1217,protein,proteína
1218,enzyme,enzima
1219,dna,DNA
1220,rna,RNA
1221,gene,gene
1222,chromosome,cromossomo
1223,membrane,membrana
1224,cytoplasm,citoplasma
1225,mitochondria,mitocôndria
1226,ribosome,ribossomo
1227,bacteria,bactéria
1228,virus,vírus
1229,fungus,fungo
1230,algae,alga
1231,protozoa,protozoário
1232,amoeba,ameba
1233,parasite,parasita
1234,symbiosis,simbiose
1235,ecosystem,ecossistema
1236,habitat,habitat
1237,niche,nicho
1238,biodiversity,biodiversidade
1239,evolution,evolução
1240,mutation,mutação
1241,adaptation,adaptação
1242,species,espécie
1243,genus,gênero
1244,family (biology),família (biologia)
1245,order (biology),ordem (biologia)
1246,phylum,filo
1247,kingdom (biology),reino (biologia)
1248,domain (biology),domínio (biologia)
1249,biome,bioma
1250,biosphere,biosfera
1251,conservation,conservação
1252,endangered,ameaçado
1253,extinct,extinto
1254,pollution,poluição
1255,greenhouse,estufa
1256,greenhouse gas,gás de efeito estufa
1257,deforestation,desmatamento
1258,desertification,desertificação
1259,erosion,erosão
1260,drought,seca
1261,flood,inundação/enchente
1262,hurricane,furacão
1263,tornado,tornado
1264,cyclone,ciclone
1265,typhoon,tufão
1266,earthquake,terremoto
1267,tsunami,tsunami
1268,volcano,vulcão
1269,lava,lava
1270,magma,magma
1271,crust,crosta
1272,mantle,manto
1273,plate tectonics,tectônica de placas
1274,sediment,sedimento
1275,mineral,mineral
1276,gemstone,pedra preciosa
1277,diamond,diamante
1278,sapphire,safira
1279,ruby,rubi
1280,emerald,esmeralda
1281,opal,opala
1282,topaz,topázio
1283,quartz,quartzo
1284,granite,granito
1285,marble,mármore
1286,limestone,calcário
1287,sandstone,arenito
1288,basalt,basalto
1289,shale,xisto
1290,soil,solo/terra
1291,humus,húmus
1292,fertilizer,fertilizante
1293,pesticide,pesticida
1294,herbicide,herbicida
1295,yield,rendimento/produto
1296,irrigation,irrigação
1297,vineyard,vinhedo
1298,plantation,plantação
1299,farmland,terra agrícola
1300,pasture,pastagem
1301,ranch,fazenda de gado
1302,dairy,laticínios
1303,poultry,aves domésticas
1304,livestock,gado/pecuária
1305,grain,grão
1306,maize,milho
1307,soybean,soja
1308,sunflower,girassol
1309,olive,azeitona
1310,grape,uva
1311,apple,maçã
1312,pear,pera
1313,peach,pêssego
1314,plum,ameixa
1315,cherry,cereja
1316,strawberry,morango
1317,raspberry,framboesa
1318,blackberry,amora
1319,blueberry,mirtilo
1320,cranberry,oxicoco
1321,watermelon,melancia
1322,melon,melão
1323,kiwi,kiwi/quiuí
1324,banana,banana
1325,pineapple,abacaxi
1326,mango,manga
1327,papaya,mamão
1328,guava,goiaba
1329,fig,figo
1330,date (fruit),tâmara
1331,avocado,abacate
1332,pomegranate,romã
1333,lychee,lichia
1334,passion fruit,maracujá
1335,dragon fruit,pitaya
1336,starfruit,carambola
1337,jackfruit,jaca
1338,breadfruit,fruta-pão
1339,durian,durião
1340,tamarind,tamarindo
1341,cocoa,cacau
1342,tea,chá
1343,ginger,gengibre
1344,turmeric,açafrão-da-terra/curcuma
1345,cinnamon,canela
1346,nutmeg,noz-moscada
1347,clove,cravo-da-índia
1348,pepper (spice),pimenta
1349,chili,pimenta chili
1350,paprika,páprica
1351,basil,manjericão
1352,parsley,salsa
1353,cilantro,coentro
1354,thyme,tomilho
1355,rosemary,alecrim
1356,oregano,orégano
1357,sage,sálvia
1358,mint,hortelã
1359,dill,endro
1360,bay leaf,louro (folha)
1361,lavender,lavanda
1362,chamomile,camomila
1363,jasmine,jasmim
1364,rose,rosa
1365,lily,lírio
1366,daisy,margarida
1367,tulip,tulipa
1368,orchid,orquídea
1369,chrysanthemum,crisântemo
1370,carnation,cravo
1371,poppy,papoula
1372,violet,violeta
1373,pansy,amor-perfeito
1374,marigold,calêndula
1375,hibiscus,hibisco
1376,lotus,lótus
1377,fern,samambaia
1378,moss,musgo
1379,pine,pinheiro
1380,oak,carvalho
1381,maple,bordo
1382,birch,bétula
1383,willow,salgueiro
1384,aspen,álamo
1385,cedar,cedro
1386,cypress,cipreste
1387,redwood,sequoia
1388,spruce,abeto
1389,fir,pinheiro-abeto
1390,eucalyptus,eucalipto
1391,bamboo,bambu
1392,palm,palmeira
1393,rubber tree,seringueira
1394,mahogany,mogno
1395,teak,teca
1396,rosewood,jacarandá
1397,sandalwood,sândalo
1398,ebony,ébano
1399,flax,linho
1400,hemp,cânhamo
1401,jute,juta
1402,sisal,sisal
1403,agave,agave
1404,aloe vera,babosa
1405,cactus,cacto
1406,mushroom,cogumelo
1407,truffle,trufa
1408,yeast,fermento
1409,mold,mofo
1410,penicillin,penicilina
1411,bacteriophage,bacteriófago
1412,antibiotic,antibiótico
1413,vaccine,vacina
1414,remedy,remédio
1415,drug (medicine),droga/medicamento
1416,pharmacy,farmácia
1417,hospital,hospital
1418,nurse,enfermeira/enfermeiro
1419,doctor,médico/médica
1420,surgeon,cirurgião/cirurgiã
1421,dentist,dentista
1422,patient,paciente
1423,symptom,sintoma
1424,diagnosis,diagnóstico
1425,therapy,terapia
1426,treatment,tratamento
1427,cure,curar/cura
1428,infection,infecção
1429,inflammation,inflação (médico: inflamação)
1430,allergy,alergia
1431,headache,dor de cabeça
1432,fever,febre
1433,pain,dor
1434,ache,dor incômoda
1435,fracture,fratura
1436,wound,ferida
1437,surgery,cirurgia
1438,bandage,bandagem
1439,plaster,gesso
1440,crutch,muleta
1441,wheelchair,cadeira de rodas
1442,ambulance,ambulância
1443,emergency,emergência
1444,ward,enfermaria
1445,infirmary,enfermaria
1446,laboratory,laboratório
1447,microscope,microscópio
1448,scan (medical),escanear/raio-x
1449,x-ray,raio-x
1450,ultrasound,ultrassom
1451,stethoscope,estetoscópio
1452,thermometer,termômetro
